Dan;Mjesto;Trenuta迫aTemperatura;Oborine;Vlaga;Vjetar;Trenutnovrijeme;Najve潞temperatura;Najmanjatemperatura
srijeda 16:00;타kovec;8;0;36;16;Poluobla迫o;8;-2
泊tvrtak 22:00;타kovec;6;0;55;6;Poluobla迫o;11;-1
petak 23:00;타kovec;6;73;73;6;Obla迫o;12;3
subota 13:00;타kovec;7;90;85;4;Ki뚀;8;4
nedjelja 22:00;타kovec;3;3;90;6;Vedro s povremenom naoblakom;9;0
ponedjeljak 17:00;타kovec;14;0;40;7;Uglavnom sun搏no;15;0
utorak 09:00;타kovec;6;1;81;5;Uglavnom obla迫o;16;2
srijeda 09:00;타kovec;7;5;60;5;Poluobla迫o;17;8
泊tvrtak 23:00;타kovec;7;90;95;14;Slabi pljuskovi uz ki뚓;9;6
petak 19:00;타kovec;7;79;89;8;Slabi pljuskovi uz ki뚓;8;6
subota 18:00;타kovec;11;90;74;8;Slabi pljuskovi uz ki뚓;12;5
nedjelja 17:00;타kovec;10;54;82;14;Slabi pljuskovi uz ki뚓;11;7
ponedjeljak 23:00;타kovec;12;79;72;16;Uglavnom obla迫o;16;9
utorak 10:00;타kovec;11;56;83;16;Slabi pljuskovi uz ki뚓;13;8
srijeda 12:00;타kovec;14;76;69;13;Obla迫o;14;4
泊tvrtak 09:00;타kovec;11;2;72;6;Poluobla迫o;18;6
petak 21:00;타kovec;13;54;66;5;Poluobla迫o;18;4
subota 21:00;타kovec;13;1;66;5;Vedro;21;7
nedjelja 21:00;타kovec;17;63;57;8;Uglavnom obla迫o;22;11
ponedjeljak 11:00;타kovec;14;84;72;11;Obla迫o;16;8
utorak 09:00;타kovec;13;2;68;8;Sun搏no;17;6
srijeda 12:00;타kovec;13;2;51;10;Poluobla迫o;14;6
泊tvrtak 09:00;타kovec;8;1;74;3;Poluobla迫o;16;6
petak 22:00;타kovec;13;2;81;5;Uglavnom obla迫o;18;8
subota 15:00;타kovec;20;20;45;4;Uglavnom sun搏no;22;10
nedjelja 14:00;타kovec;17;0;51;18;Poluobla迫o;18;7
ponedjeljak 14:00;타kovec;19;0;37;19;Poluobla迫o;20;10
utorak 14:00;타kovec;17;85;70;10;Slabi pljuskovi uz ki뚓;18;11
srijeda 14:00;타kovec;14;80;85;8;Poluobla迫o;16;7
泊tvrtak 10:00;타kovec;15;0;59;10;Sun搏no;19;6
